pkg-huf-pqfn-10p50_150x200x65-efd-exposed,95b95524-cd5f-4d53-b72f-f7bd368f4490
pkg-huf-pqfn-10p50_150x200x65-efd-footprint-density~a,186af03f-4998-43d2-8a6f-77fd1a4204e6
pkg-huf-pqfn-10p50_150x200x65-efd-footprint-density~b,ec04cae3-f2d7-4969-a651-e579f14e275c
pkg-huf-pqfn-10p50_150x200x65-efd-footprint-density~c,89150a53-e0ec-4460-8fdf-da1c97676898
pkg-huf-pqfn-10p50_150x200x65-efd-pad-1,31ddf6e7-5a08-4baa-ada1-0a8c0b005afc
pkg-huf-pqfn-10p50_150x200x65-efd-pad-10,337b7299-25f0-4d94-87bc-085982e43619
pkg-huf-pqfn-10p50_150x200x65-efd-pad-2,408728d6-eea5-4e8c-8f44-f65584e967d9
pkg-huf-pqfn-10p50_150x200x65-efd-pad-3,a75a6af0-8ed2-4476-b9e9-9c072afe5f6f
pkg-huf-pqfn-10p50_150x200x65-efd-pad-4,14f40356-afa1-45bf-b607-236b01bdbf59
pkg-huf-pqfn-10p50_150x200x65-efd-pad-5,c0c107f0-d103-4703-9925-89b68cc13531
pkg-huf-pqfn-10p50_150x200x65-efd-pad-6,fb29a652-76d8-4f7f-afc4-eec131280ce2
pkg-huf-pqfn-10p50_150x200x65-efd-pad-7,bc06141e-b55c-40d7-a61f-58997df6a0c1
pkg-huf-pqfn-10p50_150x200x65-efd-pad-8,948e9da4-d81f-40c5-b2d9-41287928c949
pkg-huf-pqfn-10p50_150x200x65-efd-pad-9,93504263-ef5a-4aff-aa07-772ced33f37a
pkg-huf-pqfn-10p50_150x200x65-efd-pkg,48139a69-f255-4cc3-9dd9-cef92bd4ba45
pkg-huf-pqfn-8p50_150x150x65-ecd-exposed,7f95e97f-fd0d-4a7e-8673-f047fd805ae2
pkg-huf-pqfn-8p50_150x150x65-ecd-footprint-density~a,acf5919c-145a-4308-831b-ec8e2f6ca2cc
pkg-huf-pqfn-8p50_150x150x65-ecd-footprint-density~b,ddd163f5-d1d9-4412-812f-d024951223c0
pkg-huf-pqfn-8p50_150x150x65-ecd-footprint-density~c,cc66a818-4286-433f-b737-7ec1e9ee3727
pkg-huf-pqfn-8p50_150x150x65-ecd-pad-1,5ed85f8f-82d2-4925-8576-054817e91fd2
pkg-huf-pqfn-8p50_150x150x65-ecd-pad-2,d6a4e43b-c3d9-4a82-85b7-34e86ae06737
pkg-huf-pqfn-8p50_150x150x65-ecd-pad-3,e233c2bf-c86b-4f96-8533-416fb004c30d
pkg-huf-pqfn-8p50_150x150x65-ecd-pad-4,594a8e98-9910-4dd4-9ea3-daf0185b59e0
pkg-huf-pqfn-8p50_150x150x65-ecd-pad-5,6e4fcb7b-e8d0-46d4-8219-fa34a29902be
pkg-huf-pqfn-8p50_150x150x65-ecd-pad-6,821fabf5-3f6e-44cb-8e1c-9f9810a38a72
pkg-huf-pqfn-8p50_150x150x65-ecd-pad-7,062e87f8-d29b-444c-b6c1-a551cc52e958
pkg-huf-pqfn-8p50_150x150x65-ecd-pad-8,b7b7ef8e-fda1-4bf7-af0e-0833a374cf11
pkg-huf-pqfn-8p50_150x150x65-ecd-pkg,83a7d81c-b8a6-4d2a-a6c8-0e3fbdb07530
pkg-hvf-pqfn-12p80_400x400x100-ggb-exposed,0d82a3fb-4f39-4acc-9924-594f564ba3de
pkg-hvf-pqfn-12p80_400x400x100-ggb-footprint-density~a,9b35676b-3d03-4907-824a-3e8b6b581d5f
pkg-hvf-pqfn-12p80_400x400x100-ggb-footprint-density~b,c791515c-4025-4ce6-add9-d3056dd78679
pkg-hvf-pqfn-12p80_400x400x100-ggb-footprint-density~c,0fc6db9a-d50c-46c3-9c95-70269ca3feaa
pkg-hvf-pqfn-12p80_400x400x100-ggb-pad-1,d93e6642-1c15-42b3-8f03-5a000a11ec33
pkg-hvf-pqfn-12p80_400x400x100-ggb-pad-10,3603cefa-bcb0-4958-be11-0900f5d4de0b
pkg-hvf-pqfn-12p80_400x400x100-ggb-pad-11,c7557ef4-4d13-45de-aec7-5dc72a0401ef
pkg-hvf-pqfn-12p80_400x400x100-ggb-pad-12,64e1914b-a130-4be5-860d-fb7988b495c0
pkg-hvf-pqfn-12p80_400x400x100-ggb-pad-2,a3ec6351-28bb-4224-b874-b038d29fd5c4
pkg-hvf-pqfn-12p80_400x400x100-ggb-pad-3,0fe43796-0cc1-435d-bc60-b51112ac59d5
pkg-hvf-pqfn-12p80_400x400x100-ggb-pad-4,21d77edb-8931-4762-ba40-9a6097241634
pkg-hvf-pqfn-12p80_400x400x100-ggb-pad-5,978b9ec0-dc40-40e0-92a7-379b85eed4f7
pkg-hvf-pqfn-12p80_400x400x100-ggb-pad-6,758ce77a-1b2e-47f0-b7ad-97fdef5af2f7
pkg-hvf-pqfn-12p80_400x400x100-ggb-pad-7,22999918-b4c8-48d4-aa48-eae06ee28787
pkg-hvf-pqfn-12p80_400x400x100-ggb-pad-8,8a745eed-1ba0-4583-a4e8-2a513f547a70
pkg-hvf-pqfn-12p80_400x400x100-ggb-pad-9,7075042e-e226-4bd6-8848-3dcaf2e7e413
pkg-hvf-pqfn-12p80_400x400x100-ggb-pkg,b3d9cdfd-b12b-4cd3-8f18-92795908b48f
pkg-hvf-pqfn-14p80_400x400x100-ggb-exposed,ed9825ad-9947-4335-b567-97322f3fa21b
pkg-hvf-pqfn-14p80_400x400x100-ggb-footprint-density~a,3d451d54-b843-4b78-a884-2e57db000ce2
pkg-hvf-pqfn-14p80_400x400x100-ggb-footprint-density~b,4dda5104-3e30-4269-a2b5-68836521f94e
pkg-hvf-pqfn-14p80_400x400x100-ggb-footprint-density~c,bad431a6-bef0-4b16-826c-82f603d3f9ae
pkg-hvf-pqfn-14p80_400x400x100-ggb-pad-1,b56b7512-5657-4652-a7c0-400f2519326f
pkg-hvf-pqfn-14p80_400x400x100-ggb-pad-10,d262cdf8-8c0e-4bb2-b0d2-c4268748ad82
pkg-hvf-pqfn-14p80_400x400x100-ggb-pad-11,48b3721d-5ffd-4487-9fa9-b91ff29a32c0
pkg-hvf-pqfn-14p80_400x400x100-ggb-pad-12,291a8b8a-2f4d-43f5-b11c-116a8c3dbc30
pkg-hvf-pqfn-14p80_400x400x100-ggb-pad-13,f110539f-adff-4b42-9774-17784ba0a1e9
pkg-hvf-pqfn-14p80_400x400x100-ggb-pad-14,630ff8a4-fc4b-4961-a662-22f0765322a9
pkg-hvf-pqfn-14p80_400x400x100-ggb-pad-2,211f779d-cb7c-48d6-89c8-1bc9cb58fe8b
pkg-hvf-pqfn-14p80_400x400x100-ggb-pad-3,34c5de49-bf11-400b-a299-967dd9b78c85
pkg-hvf-pqfn-14p80_400x400x100-ggb-pad-4,9385aa48-1437-4adb-8c45-3ecc90c1a335
pkg-hvf-pqfn-14p80_400x400x100-ggb-pad-5,b0194f11-0d2f-4b7b-a349-47b3e1bb2836
pkg-hvf-pqfn-14p80_400x400x100-ggb-pad-6,b3a1a227-28ed-42c9-9aeb-852f1ccfe99e
pkg-hvf-pqfn-14p80_400x400x100-ggb-pad-7,6606cea1-2b38-4fb0-a375-d04b08a88ef2
pkg-hvf-pqfn-14p80_400x400x100-ggb-pad-8,17a967d0-f18e-4148-862d-09d15082d775
pkg-hvf-pqfn-14p80_400x400x100-ggb-pad-9,aa41a710-d094-492c-bbda-14e4688e7063
pkg-hvf-pqfn-14p80_400x400x100-ggb-pkg,57f11021-73d5-41be-a8b4-814e92656bba
pkg-hvf-pqfn-4p80_300x300x100-eeb-exposed,7a7f72b8-bb3f-4e4b-b1ba-252215588cc5
pkg-hvf-pqfn-4p80_300x300x100-eeb-footprint-density~a,77dc4abe-9cd4-4def-955e-0581eb319e68
pkg-hvf-pqfn-4p80_300x300x100-eeb-footprint-density~b,4975f44c-9385-489b-b6ad-e6299834c425
pkg-hvf-pqfn-4p80_300x300x100-eeb-footprint-density~c,92362cd1-6c0b-41fa-9320-25cfe2a62048
pkg-hvf-pqfn-4p80_300x300x100-eeb-pad-1,596f21af-157b-4b73-98cb-b0a8de9d352b
pkg-hvf-pqfn-4p80_300x300x100-eeb-pad-2,915bd578-3e6c-458b-b1c8-4f30a346058f
pkg-hvf-pqfn-4p80_300x300x100-eeb-pad-3,09f5300c-bd79-4831-aef2-7975759c96da
pkg-hvf-pqfn-4p80_300x300x100-eeb-pad-4,2ed4a608-5c35-42f0-8538-a023c47d1dfa
pkg-hvf-pqfn-4p80_300x300x100-eeb-pkg,0ea2ab04-b6c4-4d49-8996-7f970e23518e
pkg-hvf-pqfn-8p80_400x300x100-geb-exposed,cb93ed25-4ea7-4240-9394-5c667ae68ecd
pkg-hvf-pqfn-8p80_400x300x100-geb-footprint-density~a,7da86def-8636-4300-bae3-e32646cc3b6d
pkg-hvf-pqfn-8p80_400x300x100-geb-footprint-density~b,81663ca0-a100-471a-ae9a-3a29d65c3dca
pkg-hvf-pqfn-8p80_400x300x100-geb-footprint-density~c,e628c29b-f445-4057-a977-e3a480cc70fc
pkg-hvf-pqfn-8p80_400x300x100-geb-pad-1,c8572417-3230-4aa8-914e-6b4dee8df7bb
pkg-hvf-pqfn-8p80_400x300x100-geb-pad-2,23b19e8a-797c-419f-ba41-5b235c88d531
pkg-hvf-pqfn-8p80_400x300x100-geb-pad-3,c49c07bc-2821-4296-b29b-0fdd88c6b5be
pkg-hvf-pqfn-8p80_400x300x100-geb-pad-4,b26b47e2-1e79-4d7b-9226-189ad69be1d4
pkg-hvf-pqfn-8p80_400x300x100-geb-pad-5,932308ff-3542-45ca-bff5-1311a5e5712b
pkg-hvf-pqfn-8p80_400x300x100-geb-pad-6,f4de2e99-27f1-4a61-979e-7c8d76a55dd5
pkg-hvf-pqfn-8p80_400x300x100-geb-pad-7,b266725a-d8ce-40c2-9e5d-79e523b88dd0
pkg-hvf-pqfn-8p80_400x300x100-geb-pad-8,28321b76-9346-4569-b129-1f764c53e061
pkg-hvf-pqfn-8p80_400x300x100-geb-pkg,a66e2540-420b-4a91-b155-bb327617a282
